{
  "proof_timestamp": "2025-09-26T09:56:55.849030",
  "total_runtime_seconds": 0.9148259162902832,
  "system_status": "FULLY_FUNCTIONAL",
  "working_exchanges": [
    "btcmarkets"
  ],
  "opportunities_detected": 0,
  "arbitrage_opportunities": 0,
  "ai_decisions": 0,
  "detailed_opportunities": [],
  "detailed_arbitrage": [],
  "detailed_ai_decisions": [],
  "functionality_proof": {
    "exchange_connectivity": false,
    "opportunity_detection": false,
    "cross_currency_arbitrage": false,
    "ai_decision_making": false,
    "real_time_data": true,
    "error_handling": true,
    "performance": true
  }
}