{
  "ultimate_proof_timestamp": "2025-09-26T09:59:03.174292",
  "total_runtime_seconds": 6.280099630355835,
  "overall_functionality_score": 46.0,
  "system_status": "PARTIALLY_OPERATIONAL",
  "component_scores": {
    "exchange_connectivity": 100,
    "live_data_feeds": 80,
    "opportunity_detection": 50,
    "cross_currency_arbitrage": 0,
    "ai_decision_making": 0
  },
  "working_exchanges": [
    "okx_paper",
    "okx_demo",
    "gate_paper",
    "btcmarkets"
  ],
  "live_price_feeds": 4,
  "opportunities_detected": 1,
  "arbitrage_opportunities": 0,
  "ai_decisions": 0,
  "detailed_results": {
    "live_prices": {
      "okx_paper_BTC": 109519.9,
      "okx_demo_BTC": 109519.9,
      "gate_paper_BTC": 109528.1,
      "btcmarkets_BTC": 167884.26
    },
    "opportunities": [
      {
        "type": "CROSS_EXCHANGE_ARBITRAGE",
        "symbol": "BTC-USDT",
        "buy_exchange": "okx_paper",
        "sell_exchange": "btcmarkets_BTC-USDT",
        "buy_price": 109519.9,
        "sell_price": 167884.26,
        "spread": 58364.360000000015,
        "spread_pct": 53.29110052145776,
        "potential_profit": 42.632880417166206,
        "confidence": 0.85,
        "timestamp": "2025-09-26T09:59:02.499218"
      }
    ],
    "arbitrage": [],
    "ai_decisions": []
  },
  "proof_certification": {
    "exchange_integration": true,
    "real_time_data": true,
    "opportunity_engine": true,
    "ai_engine": false,
    "cross_currency": false,
    "system_integration": false
  }
}