{
  "timestamp": "2025-09-26T08:18:56.154637",
  "system_state": {
    "components": 15
  },
  "performance_metrics": {
    "success_rate": 0.95
  },
  "assumptions_checked": [
    {
      "assumption": "Market inefficiencies exist and are exploitable",
      "status": "questionable",
      "evidence": "Low win rate of 0.0%"
    }
  ],
  "improvement_suggestions": [
    {
      "area": "Strategy Selection",
      "suggestion": "Improve entry criteria to increase win rate",
      "priority": "high"
    },
    {
      "area": "Profit Optimization",
      "suggestion": "Optimize exit strategies to increase average profit",
      "priority": "medium"
    }
  ],
  "confidence_in_decisions": {
    "overall_confidence": 0.3,
    "confidence_factors": [
      "Low win rate indicates poor decision quality"
    ]
  },
  "learning_opportunities": [
    {
      "opportunity": "Expand data sources",
      "description": "Integrate additional market data sources for better predictions",
      "potential_impact": "medium"
    },
    {
      "opportunity": "Implement ensemble methods",
      "description": "Combine multiple models for more robust predictions",
      "potential_impact": "high"
    },
    {
      "opportunity": "Real-time parameter adjustment",
      "description": "Dynamically adjust strategy parameters based on market conditions",
      "potential_impact": "high"
    }
  ]
}