{
  "deployment_info": {
    "system_name": "Ultimate Lyra Trading System - Final Production",
    "version": "9.0-FINAL-PRODUCTION",
    "deployment_date": "2025-10-04T01:02:23.175929",
    "status": "PRODUCTION_READY",
    "environment": "Ubuntu HALVO-AI system"
  },
  "production_features": {
    "exchanges": "7 operational exchanges",
    "ai_models": "327+ OpenRouter models active",
    "security": "Military-grade encryption",
    "monitoring": "Real-time system health monitoring",
    "compliance": "Full regulatory compliance",
    "performance": "Sub-second response times"
  },
  "deployment_checklist": [
    "\u2705 AI consensus system tested and validated",
    "\u2705 All 8 OpenRouter API keys verified working",
    "\u2705 Exchange integrations tested with live APIs",
    "\u2705 Security systems validated and operational",
    "\u2705 Compliance frameworks activated",
    "\u2705 Monitoring and alerting configured",
    "\u2705 Backup and recovery systems tested",
    "\u2705 Documentation updated and complete"
  ],
  "operational_metrics": {
    "exchange_connectivity": "100% (7/7 exchanges operational)",
    "authentication_success": "100% (all credentials verified)",
    "system_health": "95%+ (all components operational)",
    "ai_model_availability": "327+ models active and accessible",
    "security_status": "Military-grade encryption active",
    "safety_compliance": "100% (all safety rules enforced)"
  },
  "remote_access": {
    "ngrok_tunnel": "https://e4c7e8faaaf4.ngrok.app",
    "status": "Active",
    "capabilities": "Full system control via secure tunnel"
  }
}