{
  "integration_timestamp": "2025-10-03T12:35:36.102413",
  "integration_type": "RECOVERY_WORK_ADDITION",
  "files_copied": 0,
  "files_failed": 21,
  "total_attempted": 24,
  "integration_directories": [
    "RECOVERY_WORK",
    "RECOVERY_WORK/validation_systems",
    "RECOVERY_WORK/test_results",
    "RECOVERY_WORK/documentation",
    "RECOVERY_WORK/utilities",
    "RECOVERY_WORK/recovered_files",
    "RECOVERY_WORK/archives"
  ],
  "source_directory": "/home/ubuntu/fresh_start",
  "target_directory": "/home/ubuntu/ultimate-lyra-ecosystem",
  "description": "All work created during system recovery session integrated into existing Ultimate Lyra Ecosystem"
}