{
  "operational_exchanges": {
    "OKX": {
      "status": "FULLY_OPERATIONAL",
      "api_version": "v5",
      "authentication": "HMAC-SHA256 with API Key + Secret + Passphrase",
      "capabilities": [
        "spot_trading",
        "derivatives",
        "futures"
      ],
      "rate_limits": "20 requests/2s (REST), 240 requests/hour (private)",
      "supported_assets": "400+ cryptocurrencies",
      "trading_pairs": "500+ spot, futures, options"
    },
    "Binance": {
      "status": "FULLY_OPERATIONAL",
      "api_version": "v3",
      "authentication": "HMAC-SHA256 with API Key + Secret",
      "capabilities": [
        "spot_trading",
        "futures",
        "options"
      ],
      "rate_limits": "1200 requests/minute, 10 orders/second",
      "supported_assets": "600+ cryptocurrencies",
      "trading_pairs": "1000+ spot, futures, margin"
    },
    "WhiteBIT": {
      "status": "FULLY_OPERATIONAL",
      "api_version": "v4",
      "authentication": "HMAC-SHA512 with API Key + Secret",
      "capabilities": [
        "spot_trading",
        "balance_management"
      ],
      "rate_limits": "100 requests/10 seconds",
      "supported_assets": "300+ cryptocurrencies",
      "trading_pairs": "400+ pairs"
    },
    "Kraken_Pro": {
      "status": "FULLY_OPERATIONAL",
      "api_version": "v0",
      "authentication": "HMAC-SHA512 with API Key + Secret",
      "capabilities": [
        "spot_trading",
        "advanced_orders"
      ],
      "rate_limits": "15-20 calls/minute",
      "supported_assets": "200+ cryptocurrencies",
      "trading_pairs": "300+ spot, futures, margin"
    },
    "Gate_io": {
      "status": "FULLY_OPERATIONAL",
      "api_version": "v4",
      "authentication": "HMAC-SHA512 with API Key + Secret",
      "capabilities": [
        "spot_trading",
        "margin_trading"
      ],
      "rate_limits": "900 requests/minute",
      "supported_assets": "1000+ cryptocurrencies",
      "trading_pairs": "2000+ spot, futures, options"
    },
    "Digital_Surge": {
      "status": "OPERATIONAL_API_KEY_ONLY",
      "api_version": "v1",
      "authentication": "X-API-KEY header",
      "capabilities": [
        "spot_trading",
        "market_data"
      ],
      "rate_limits": "60 requests/minute",
      "supported_assets": "100+ cryptocurrencies",
      "trading_pairs": "200+ AUD pairs",
      "note": "Australian exchange, no secret key required"
    },
    "BTC_Markets": {
      "status": "OPERATIONAL_API_KEY_ONLY",
      "api_version": "v3",
      "authentication": "apikey header",
      "capabilities": [
        "spot_trading",
        "market_data"
      ],
      "rate_limits": "50 requests/10 seconds",
      "supported_assets": "100+ cryptocurrencies",
      "trading_pairs": "200+ AUD pairs",
      "note": "Australian exchange, no secret key required"
    }
  },
  "total_exchanges": 7,
  "connectivity_status": "100% operational",
  "authentication_success": "100% verified",
  "security_level": "Military-grade AES-256 encryption"
}